"instance","mean_prediction_difference","total_cf","execution_time(s)","<=50K",">50K"
91,0.210281996721149,2,25.2,100,0
95,0.407222039797,1,24.63,0,100
125,0.0128643832249267,2,23.97,100,0
140,0.0548050777470449,4,23.85,100,0
150,0.295737370697489,5,23.74,60,40
157,0.0054354525175544,1,24.49,100,0
169,0.0535295749421488,1,23.17,100,0
174,0.262524810018101,1,24.08,100,0
189,0.0179800632032409,2,24.65,100,0
202,0.0584493569326764,1,24.58,100,0
