"instance","mean_prediction_difference","total_cf","execution_time(s)","No","Yes"
17,0.607069436111995,1,5.78,100,0
53,0.534885986144518,1,5.74,100,0
62,0.301972923584646,1,5.5,100,0
79,0.20000588443692,3,5.16,0,100
135,0.245404751981973,4,5.3,100,0
149,0.44426028604154,1,5.91,0,100
216,0.320527748409436,1,5.55,0,100
238,0.0413195849529328,1,5.86,0,100
241,0.0503063071974573,4,5.14,0,100
349,0.180263377490244,1,5.69,0,100
