"instance","mean_prediction_difference","total_cf","execution_time(s)","<=50K",">50K"
91,0.301907998621026,2,23.99,50,50
95,0.51704552391961,1,23.76,0,100
125,0.0860097977047068,2,23.51,100,0
140,0.0792403181756516,4,23.24,100,0
150,0.528298799539935,5,23.5,60,40
157,0.0664000295408322,1,25.16,100,0
169,0.092852278663717,1,23.91,100,0
174,0.360735688701469,1,24.56,100,0
189,0.097361707338807,2,24.48,100,0
202,0.127303479726133,1,24.77,100,0
