"instance","mean_prediction_difference","total_cf","execution_time(s)","0","1"
75,0.602584353804304,1,45.5,0,100
255,0.503626710068065,1,46.95,0,100
505,0.714995252813543,1,45.93,0,100
565,0.080227881287836,1,45.68,0,100
573,0.07894474291001,1,45.04,0,100
587,0.343982715558669,1,44.83,0,100
1210,0.397034877475491,1,55.27,0,100
1531,-0.00723409232750098,1,44.43,0,100
2409,-0.00989242074488824,2,43.97,0,100
2581,-0.00110130083323713,1,45.6,0,100
