"instance","mean_prediction_difference","total_cf","execution_time(s)","0","1"
75,0.807848525569567,1,11.48,0,100
255,0.559547877717695,1,11.67,0,100
505,0.786776797469056,1,11.22,0,100
565,0.193595101070899,1,11.17,0,100
573,0.129897812692085,1,10.32,0,100
587,0.163699192929048,1,11.03,0,100
1210,0.274261299945718,1,11.39,0,100
1531,0.691798560780864,1,11.36,0,100
2409,0.18805842407785,1,10.4,0,100
2581,0.425139699827384,1,10.94,0,100
