"instance","mean_prediction_difference","total_cf","execution_time(s)","No","Yes"
39,0.190175735242564,1,3.28,100,0
61,0.215112994980096,2,2.69,100,0
141,0.177688247099075,2,2.74,100,0
158,0.411323613593077,1,4.01,100,0
281,0.0445837005396096,2,2.98,100,0
368,0.216814797608646,2,2.97,100,0
390,0.640531033874218,1,2.86,0,100
462,0.197611207011226,2,2.57,100,0
479,0.423506519545343,1,2.66,100,0
520,0.206861384505883,2,3.02,100,0
