"instance","mean_prediction_difference","total_cf","execution_time(s)","No","Yes"
39,0.384636801118288,1,2.96,100,0
61,0.215113055856446,2,2.79,100,0
141,0.211546843953791,2,2.87,100,0
158,0.411323613593078,1,2.6,100,0
281,0.0445837048246612,2,2.79,100,0
368,0.216817463242749,2,2.75,100,0
390,0.640576757253399,1,2.74,0,100
462,0.197613361422799,2,2.69,100,0
479,0.423506549663525,1,2.69,100,0
520,0.20686141604503,2,2.69,100,0
